<resources>
    <!-- Base application theme. -->
    <style name="AppTheme" parent="android:Theme.Holo">
        <!-- Customize your theme here. -->
    </style>

    <style name="AlertDialogTheme" parent="@android:style/Theme.Holo">
        <item name="android:textSize">12sp</item>
    </style>
    <style name="dialog_full_screen">
        <item name="android:windowFrame">@null</item>
        <item name="android:windowIsFloating">true</item>
        <item name="android:windowContentOverlay">@null</item>
        <item name="android:windowAnimationStyle">@android:style/Animation.Dialog</item>
        <item name="android:windowSoftInputMode">stateUnspecified|adjustPan</item>
    </style>

</resources>
